{
  "model": "Qwen/Qwen2.5-0.5B-Instruct",
  "checkpoint": "checkpoints/05b_restaurants_lora_epoch10",
  "num_examples": 50,
  "per_role": {
    "STRUCTURAL": {
      "mean_loss": 0.0008635973930358887,
      "count": 100
    },
    "WHITESPACE": {
      "mean_loss": 8.094101621393572e-06,
      "count": 1425
    },
    "KEY": {
      "mean_loss": 0.0006867351531982422,
      "count": 1000
    },
    "QUOTE": {
      "mean_loss": 0.04359433851743999,
      "count": 950
    },
    "FREE_TEXT": {
      "mean_loss": 1.2226860889128153,
      "count": 1642
    },
    "ENUM_VALUE": {
      "mean_loss": 0.3645541152907807,
      "count": 206
    },
    "BOOLEAN": {
      "mean_loss": 0.5653358769416809,
      "count": 100
    }
  },
  "total_mean_loss": 0.402264713999224,
  "total_tokens": 5423
}