{
  "model": "Qwen/Qwen2.5-0.5B-Instruct",
  "checkpoint": "checkpoints/05b_flights_lora_epoch10",
  "num_examples": 50,
  "per_role": {
    "STRUCTURAL": {
      "mean_loss": 0.0003571188449859619,
      "count": 100
    },
    "WHITESPACE": {
      "mean_loss": 2.0565680968455778e-05,
      "count": 1950
    },
    "KEY": {
      "mean_loss": 0.0002891815049307687,
      "count": 1750
    },
    "QUOTE": {
      "mean_loss": 5.102854508620042e-05,
      "count": 1300
    },
    "ENUM_VALUE": {
      "mean_loss": 0.1943779472381838,
      "count": 310
    },
    "FREE_TEXT": {
      "mean_loss": 0.5247941378350309,
      "count": 1769
    },
    "BOOLEAN": {
      "mean_loss": 0.36083480834960935,
      "count": 50
    }
  },
  "total_mean_loss": 0.13934264124998133,
  "total_tokens": 7229
}