{
  "model": "Qwen/Qwen2.5-0.5B-Instruct",
  "checkpoint": null,
  "num_examples": 50,
  "per_role": {
    "STRUCTURAL": {
      "mean_loss": 4.9387158203125,
      "count": 100
    },
    "WHITESPACE": {
      "mean_loss": 0.016898325367977744,
      "count": 1425
    },
    "KEY": {
      "mean_loss": 1.2075802574157715,
      "count": 1000
    },
    "QUOTE": {
      "mean_loss": 0.22418360609757274,
      "count": 950
    },
    "FREE_TEXT": {
      "mean_loss": 1.755489947734884,
      "count": 1642
    },
    "ENUM_VALUE": {
      "mean_loss": 1.7254438735906361,
      "count": 206
    },
    "BOOLEAN": {
      "mean_loss": 0.810615234375,
      "count": 100
    }
  },
  "total_mean_loss": 0.9694862316922246,
  "total_tokens": 5423
}