{
  "model": "Qwen/Qwen2.5-32B-Instruct",
  "checkpoint": "checkpoints/32b_flights_lora_epoch10",
  "num_examples": 50,
  "per_role": {
    "STRUCTURAL": {
      "mean_loss": 7.533788681030274e-05,
      "count": 100
    },
    "WHITESPACE": {
      "mean_loss": 1.988655481583033e-07,
      "count": 1950
    },
    "KEY": {
      "mean_loss": 7.056324822562081e-05,
      "count": 1750
    },
    "QUOTE": {
      "mean_loss": 8.083948722252479e-06,
      "count": 1300
    },
    "ENUM_VALUE": {
      "mean_loss": 0.22651952197474817,
      "count": 310
    },
    "FREE_TEXT": {
      "mean_loss": 0.5578131977618246,
      "count": 1769
    },
    "BOOLEAN": {
      "mean_loss": 0.5099426198005677,
      "count": 50
    }
  },
  "total_mean_loss": 0.14976229714166575,
  "total_tokens": 7229
}