{
  "model": "Qwen/Qwen2.5-7B-Instruct",
  "checkpoint": "checkpoints/7b_flights_lora_epoch10",
  "num_examples": 50,
  "per_role": {
    "STRUCTURAL": {
      "mean_loss": 7.90250301361084e-05,
      "count": 100
    },
    "WHITESPACE": {
      "mean_loss": 9.513512635842347e-06,
      "count": 1950
    },
    "KEY": {
      "mean_loss": 0.00015133483069283623,
      "count": 1750
    },
    "QUOTE": {
      "mean_loss": 0.0024766649649693414,
      "count": 1300
    },
    "ENUM_VALUE": {
      "mean_loss": 0.3765351414680481,
      "count": 310
    },
    "FREE_TEXT": {
      "mean_loss": 0.5250861965511531,
      "count": 1769
    },
    "BOOLEAN": {
      "mean_loss": 0.4194272780418396,
      "count": 50
    }
  },
  "total_mean_loss": 0.14802679398492224,
  "total_tokens": 7229
}